Lab1.pdf,3
Parte_1_1,10.6.40.162:50051
Parte_1_2,10.6.40.163:50051
Parte_1_3,10.6.40.164:50051
2.pdf,5
Parte_2_1,10.6.40.162:50051
Parte_2_2,10.6.40.163:50051
Parte_2_3,10.6.40.164:50051
Parte_2_4,10.6.40.163:50051
Parte_2_5,10.6.40.164:50051
Dracula.pdf,7
Parte_3_1,10.6.40.162:50051
Parte_3_2,10.6.40.163:50051
Parte_3_3,10.6.40.164:50051
Parte_3_4,10.6.40.163:50051
Parte_3_5,10.6.40.163:50051
Parte_3_6,10.6.40.164:50051
Parte_3_7,10.6.40.162:50051
Emma.pdf,6
Parte_4_1,10.6.40.162:50051
Parte_4_2,10.6.40.163:50051
Parte_4_3,10.6.40.164:50051
Parte_4_4,10.6.40.163:50051
Parte_4_5,10.6.40.164:50051
Parte_4_6,10.6.40.164:50051
Test.pdf,23
Parte_5_1,10.6.40.162:50051
Parte_5_2,10.6.40.163:50051
Parte_5_3,10.6.40.164:50051
Parte_5_4,10.6.40.163:50051
Parte_5_5,10.6.40.164:50051
Parte_5_6,10.6.40.164:50051
Parte_5_7,10.6.40.163:50051
Parte_5_8,10.6.40.163:50051
Parte_5_9,10.6.40.164:50051
Parte_5_10,10.6.40.162:50051
Parte_5_11,10.6.40.162:50051
Parte_5_12,10.6.40.162:50051
Parte_5_13,10.6.40.162:50051
Parte_5_14,10.6.40.163:50051
Parte_5_15,10.6.40.164:50051
Parte_5_16,10.6.40.162:50051
Parte_5_17,10.6.40.163:50051
Parte_5_18,10.6.40.162:50051
Parte_5_19,10.6.40.163:50051
Parte_5_20,10.6.40.162:50051
Parte_5_21,10.6.40.162:50051
Parte_5_22,10.6.40.164:50051
Parte_5_23,10.6.40.162:50051
